name,email,cpf,rg,birth_date,gender,marital_status,address,city,state,zip_code,phone,emergency_contact,emergency_phone,position_id,department_id,sector_id,schedule_id,unit_id,hire_date,salary,bank_name,bank_account,pis
João Silva,joao.silva@email.com,123.456.789-00,12.345.678-9,1990-05-15,M,solteiro,Rua das Flores 123,São Paulo,SP,01234-567,(11) 98765-4321,Maria Silva,(11) 91234-5678,1,1,1,1,1,2024-01-15,3500.00,Banco do Brasil,12345-6,123.45678.90-1
Maria Santos,maria.santos@email.com,987.654.321-00,98.765.432-1,1985-08-20,F,casado,Av. Paulista 1000,São Paulo,SP,01310-100,(11) 99876-5432,José Santos,(11) 92345-6789,2,2,2,1,1,2024-02-01,4200.00,Caixa Econômica,54321-0,987.65432.10-9
Pedro Oliveira,pedro.oliveira@email.com,456.789.123-00,45.678.912-3,1992-11-10,M,divorciado,Rua dos Pinheiros 456,Rio de Janeiro,RJ,22070-000,(21) 98765-1234,Ana Oliveira,(21) 91234-8765,3,1,1,2,2,2024-03-10,5000.00,Itaú,98765-4,456.78912.30-5
Ana Costa,ana.costa@email.com,789.123.456-00,78.912.345-6,1988-02-28,F,solteiro,Rua Augusta 789,São Paulo,SP,01305-000,(11) 97654-3210,Carlos Costa,(11) 93456-7890,1,3,3,1,1,2024-04-05,3800.00,Bradesco,11111-2,789.12345.60-2
